{"count":1,"gauges":{},"self":57.5509312,"total":57.666895999999994,"children":{"AgentResetIfDone":{"count":2870,"self":0.038955,"total":0.038955,"children":null},"AgentSendState":{"count":2870,"self":0.019138,"total":0.019138,"children":null},"DecideAction":{"count":2870,"self":0.018883,"total":0.018883,"children":null},"AcademyStep":{"count":2870,"self":0.018935999999999998,"total":0.018935999999999998,"children":null},"AgentAct":{"count":2870,"self":0.018847,"total":0.018847,"children":null}}}